Rank,Name,Price,MarketCap
1,BitcoinBTC,"$80,551.07","$1.61T$1,610,379,704,965"
2,EthereumETH,"$2,254.07","$271.55B$271,552,235,567"
3,TetherUSDT,$0.9997,"$189.78B$189,780,025,174"
4,BNBBNB,$679.38,"$91.43B$91,431,498,638"
5,XRPXRP,$1.46,"$90.44B$90,435,045,694"
6,USDCUSDC,$0.9995,"$76.62B$76,619,997,766"
7,SolanaSOL,$90.62,"$52.38B$52,382,121,474"
8,TRONTRX,$0.3527,"$33.44B$33,443,209,365"
9,DogecoinDOGE,$0.1138,"$17.55B$17,553,350,287"
10,HyperliquidHYPE,$45.78,"$11.66B$11,655,543,704"
11,CardanoADA,$0.2660,"$9.64B$9,635,440,036"
12,UNUS SED LEOLEO,$10.18,"$9.38B$9,376,669,637"
13,ZcashZEC,$541.66,"$9.03B$9,032,782,129"
14,Bitcoin CashBCH,$433.92,"$8.69B$8,693,483,293"
101,First Digital USDFDUSD,$0.9980,"$393.27M$393,265,974"
102,SPX6900SPX,$0.4192,"$390.3M$390,300,227"
103,ImmutableIMX,$0.1940,"$388.14M$388,139,661"
104,ConfluxCFX,$0.07430,"$387.02M$387,020,206"
105,sirenSIREN,$0.5273,"$383.26M$383,263,249"
106,Sun [New]SUN,$0.01967,"$378.23M$378,232,630"
107,KiteKITE,$0.2080,"$374.42M$374,419,777"
108,SKYAISKYAI,$0.3680,"$368.1M$368,096,831"
109,ether.fiETHFI,$0.4297,"$359.3M$359,295,709"
110,Zebec NetworkZBCN,$0.003507,"$350.7M$350,697,877"
111,TelcoinTEL,$0.003627,"$348.51M$348,506,531"
112,DoubleZero2Z,$0.1002,"$347.99M$347,987,018"
113,MonadMON,$0.02916,"$344.87M$344,872,340"
114,PendlePENDLE,$2.01,"$342.95M$342,945,504"
115,GnosisGNO,$124.99,"$329.94M$329,936,553"
201,RainRAIN,$0.007487,"$3.58B$3,582,054,842"
202,Ondo US Dollar YieldUSDY,$1.13,"$1.89B$1,893,788,681"
203,HTXHTX,$0.051966,"$1.78B$1,780,933,640"
204,Falcon USDUSDf,$0.9985,"$1.62B$1,617,415,612"
205,LABLAB,$3.89,"$1.21B$1,208,758,524"
206,Jupiter Perps LPJLP,$4.03,"$950.2M$950,200,425"
207,c8ntinuumCTM,$0.2104,"$938.16M$938,157,644"
208,BeldexBDX,$0.07903,"$611.61M$611,606,830"
209,GHOGHO,$0.9993,"$583.61M$583,608,681"
210,Usual USDUSD0,$0.9979,"$564.17M$564,170,527"
211,UnibaseUB,$0.2220,"$555.16M$555,161,266"
212,Billions NetworkBILL,$0.2140,"$519.83M$519,825,697"
213,USDaiUSDAI,$0.9998,"$501.28M$501,283,751"
214,USDGOUSDGO,$0.9997,"$401.43M$401,430,752"
215,Solstice USXUSX,$0.9995,"$359.53M$359,526,926"
301,RoninRON,$0.1011,"$78.11M$78,109,348"
302,ZetaChainZETA,$0.05477,"$77.38M$77,375,433"
303,AmpAMP,$0.0008848,"$76.79M$76,790,338"
304,AxelarAXL,$0.06552,"$76.64M$76,635,948"
305,Alchemy PayACH,$0.007651,"$76.51M$76,514,656"
306,PlaysOutPLAY,$0.1139,"$76.47M$76,468,938"
307,Nervos NetworkCKB,$0.001562,"$76.2M$76,198,924"
308,CysicCYS,$0.4728,"$76.03M$76,033,863"
309,lisUSDlisUSD,$0.9980,"$75.91M$75,910,654"
310,HoloHOT,$0.0004303,"$75.71M$75,714,495"
311,AstarASTR,$0.008698,"$75.59M$75,590,212"
312,Alphabet tokenized stock (xStock)GOOGLX,$393.62,"$74.58M$74,578,725"
313,Joseon MunJSM,$0.0002355,"$74.55M$74,549,551"
314,MultiBank GroupMBG,$0.2999,"$74.33M$74,328,588"
315,ComedianBAN,$0.07421,"$74.21M$74,214,546"
401,SiacoinSC,$0.0009635,"$53.99M$53,985,851"
402,StraitsX USDXUSD,$0.9996,"$53.84M$53,843,273"
403,JanctionJCT,$0.004664,"$53.61M$53,613,247"
404,AleoALEO,$0.04795,"$53.41M$53,411,720"
405,PaycoinPCI,$0.05011,"$53.43M$53,430,546"
406,RedStoneRED,$0.1382,"$53.33M$53,325,652"
407,World Mobile TokenWMTX,$0.06244,"$53.2M$53,197,616"
408,MANTRAMANTRA,$0.01050,"$52.99M$52,986,968"
409,NotcoinNOT,$0.0005317,"$52.87M$52,873,572"
410,OpenLedgerOPEN,$0.1808,"$52.59M$52,587,905"
411,WavesWAVES,$0.4120,"$52.37M$52,371,036"
412,BabylonBABY,$0.01841,"$52.21M$52,209,032"
413,OsmosisOSMO,$0.06767,"$52.36M$52,356,515"
414,CommonwealthCWU,$0.06014,"$54.16M$54,162,009"
415,TellorTRB,$18.62,"$51.81M$51,813,053"
501,BounceBitBB,$0.03519,"$39.55M$39,546,523"
502,Swarm NetworkTRUTH,$0.01894,"$39.51M$39,506,771"
503,Magma FinanceMAGMA,$0.2071,"$39.35M$39,351,147"
504,BORABORA,$0.03570,"$39.27M$39,269,638"
505,Pundi X (New)PUNDIX,$0.1512,"$39.08M$39,080,525"
506,EspressoESP,$0.07455,"$38.81M$38,810,109"
507,UnitasUP,$0.2655,"$38.78M$38,776,140"
508,ConstitutionDAOPEOPLE,$0.007658,"$38.75M$38,752,432"
509,GMTGMT,$0.01219,"$37.96M$37,955,088"
510,MoonbirdsBIRB,$0.1330,"$37.93M$37,925,982"
511,SpacecoinSPACE,$0.007583,"$37.86M$37,860,997"
512,OrbsORBS,$0.008659,"$37.85M$37,850,048"
513,BUSDBUSD,$0.9996,"$37.83M$37,828,863"
514,IOSTIOST,$0.001147,"$37.76M$37,756,625"
515,τemplarSN3,$8.92,"$37.65M$37,650,675"
601,BlastBLAST,$0.0004858,"$29.85M$29,850,655"
602,SuperformUP,$0.1553,"$29.81M$29,806,989"
603,Klickl TokenKLK,$0.2975,"$29.75M$29,751,450"
604,KRAQ Tokenised Stock (xStock)KRAQx,$9.77,"$29.58M$29,578,853"
605,Locus ChainLOCUS,$0.007058,"$29.54M$29,536,820"
606,Berkshire Hathaway tokenized stock (xStock)BRK.BX,$483.98,"$29.48M$29,483,308"
607,LiskLSK,$0.1261,"$29.42M$29,422,362"
608,AudiusAUDIO,$0.02068,"$29.39M$29,386,887"
609,Tokenlon Network TokenLON,$0.2363,"$29.18M$29,180,497"
610,Spell TokenSPELL,$0.0001701,"$29.18M$29,176,458"
611,Microsoft tokenized stock (xStock)MSFTX,$406.93,"$29M$29,002,238"
612,USDKUSDK,$1.01,"$29M$29,002,077"
613,iShares Silver Trust Tokenized ETF (Ondo)SLVon,$71.19,"$29M$28,997,473"
614,ArkhamARKM,$0.1288,"$29M$29,001,043"
615,IQIQ,$0.001115,"$28.97M$28,968,217"
701,OhoOHO,$0.0009656,"$23.3M$23,295,430"
702,tokenbotCLANKER,$23.51,"$23.19M$23,194,277"
703,AdsharesADS,$0.5974,"$23.15M$23,152,288"
704,NillionNIL,$0.05156,"$23.12M$23,122,448"
705,MiraMIRA,$0.08153,"$23.04M$23,037,028"
706,SynFuturesF,$0.005630,"$23.03M$23,031,675"
707,Isiklar CoinISIKC,$0.2301,"$23.01M$23,012,710"
708,NYMNYM,$0.02760,"$23.01M$23,007,750"
709,FiroFIRO,$1.23,"$22.95M$22,952,808"
710,DoodlesDOOD,$0.002940,"$22.94M$22,935,501"
711,FluentBLEND,$0.1143,"$22.88M$22,876,122"
712,OpenKaitoSN5,$6.56,"$22.85M$22,846,124"
713,AuraAURA,$0.02348,"$22.63M$22,626,284"
714,Ridges AISN62,$5.16,"$22.6M$22,598,326"
715,FLock.ioFLOCK,$0.06237,"$22.53M$22,525,026"
801,Folks FinanceFOLKS,$1.45,"$17.74M$17,736,839"
802,Chevron tokenized stock (xStock)CVXX,$186.67,"$17.69M$17,693,792"
803,StakeStoneSTO,$0.07828,"$17.64M$17,640,497"
804,ApertumAPTM,$0.1883,"$17.63M$17,633,406"
805,TARS AITAI,$0.01974,"$17.61M$17,612,574"
806,BonfidaFIDA,$0.01773,"$17.58M$17,575,420"
807,Vine CoinVINE,$0.01754,"$17.54M$17,540,348"
808,MoonbeamGLMR,$0.01596,"$17.51M$17,512,708"
809,UchainUCN,$350.17,"$17.51M$17,508,608"
810,OWBOWB,$0.03824,"$17.41M$17,408,275"
811,Faith TribeFTRB,$0.005252,"$17.33M$17,328,487"
812,USDBUSDB,$0.9981,"$17.32M$17,323,715"
813,SophonSOPH,$0.008611,"$17.22M$17,222,418"
814,CornCORN,$0.03275,"$17.2M$17,196,810"
815,Coca-Cola tokenized stock (xStock)KOX,$81.38,"$17.19M$17,190,975"
901,SanDisk Tokenized Stock (Ondo)SNDKon,"$1,314.98","$13.76M$13,757,646"
902,MarlinPOND,$0.001671,"$13.75M$13,750,952"
903,NamecoinNMC,$0.9312,"$13.72M$13,723,847"
904,StaderSD,$0.1927,"$13.63M$13,633,170"
905,Haedal ProtocolHAEDAL,$0.03416,"$13.52M$13,524,774"
906,Gains NetworkGNS,$0.5651,"$13.52M$13,519,771"
907,Oracle Tokenized Stock (Ondo)ORCLon,$192.27,"$13.5M$13,502,722"
908,Bone ShibaSwapBONE,$0.05862,"$13.48M$13,479,780"
909,YieldBasisYB,$0.1152,"$13.48M$13,478,094"
910,Vanar ChainVANRY,$0.005632,"$13.36M$13,357,502"
911,ResolvRESOLV,$0.03471,"$13.28M$13,284,308"
912,GoldfinchGFI,$0.1518,"$13.28M$13,277,796"
913,Unicorn Fart DustUFD,$0.01325,"$13.25M$13,253,398"
914,AlchemixALCX,$5.26,"$13.25M$13,245,470"
915,Argentine Football Association Fan TokenARG,$0.7252,"$13.24M$13,241,349"
1001,FC Porto Fan TokenPORTO,$0.8070,"$10.48M$10,482,601"
1002,TutorialTUT,$0.01251,"$10.46M$10,457,614"
1003,Epic ChainEPIC,$0.3109,"$10.45M$10,447,016"
1004,Make Aliens Great AgainMAGA,$0.01067,"$10.44M$10,438,445"
1005,FC Barcelona Fan TokenBAR,$0.4175,"$10.35M$10,353,716"
1006,RAMPRAMP,$0.02164,"$10.35M$10,345,038"
1007,BitlayerBTR,$0.03092,"$10.31M$10,305,221"
1008,Destra NetworkDSYNC,$0.01054,"$10.28M$10,276,235"
1009,XIONXION,$0.1449,"$10.27M$10,269,496"
1010,TG CasinoTGC,$0.1325,"$10.26M$10,256,486"
1011,Joe coinJOE,$0.01024,"$10.24M$10,243,804"
1012,Toko TokenTKO,$0.05937,"$10.07M$10,069,238"
1013,saffron.financeSFI,$110.07,"$10.06M$10,063,187"
1014,EVAA ProtocolEVAA,$0.5608,"$10.01M$10,013,797"
1015,OrchidOXT,$0.01077,"$10.74M$10,744,172"
1101,WeBuyWE,$0.02173,"$7.87M$7,868,008"
1102,EarthMetaEMT,$0.005471,"$7.87M$7,865,940"
1103,GrinGRIN,$0.03399,"$7.84M$7,839,934"
1104,Quickswap [New]QUICK,$0.01018,"$7.83M$7,833,701"
1105,SIX TokenSIX,$0.009188,"$7.82M$7,819,000"
1106,PortalPORTAL,$0.009873,"$7.81M$7,806,852"
1107,AKEDOAKE,$0.0003400,"$7.75M$7,752,430"
1108,Ski Mask DogSKI,$0.007824,"$7.74M$7,741,666"
1109,BFG TokenBFG,$0.006887,"$7.73M$7,733,253"
1110,Fwog (SOL)FWOG,$0.007920,"$7.73M$7,727,392"
1111,PayAI NetworkPAYAI,$0.007716,"$7.72M$7,716,147"
1112,Meta Platforms Tokenized Stock (Ondo)METAon,$611.84,"$7.72M$7,715,987"
1113,Taiwan Semiconductor Manufacturing Tokenized Stock (Ondo)TSMon,$410.25,"$7.71M$7,712,379"
1114,Neon EVMNEON,$0.03219,"$7.71M$7,709,622"
1115,NimiqNIM,$0.0005466,"$7.69M$7,694,204"
1201,KryllKRL,$0.1530,"$6.11M$6,105,382"
1202,PRIZMPZM,$0.001299,"$6.1M$6,104,979"
1203,Harvest FinanceFARM,$9.07,"$6.1M$6,099,704"
1204,RIZERIZE,$0.003081,"$6.08M$6,075,408"
1205,MonaCoinMONA,$0.09236,"$6.07M$6,071,407"
1206,Bull (bulltheleader)BULL,$0.005976,"$5.98M$5,975,928"
1207,Sui Name ServiceNS,$0.02078,"$6.06M$6,059,049"
1208,Manyu (manyushiba.com)MANYU,$0.086040,"$6.04M$6,040,383"
1209,Graphite ProtocolGP,$0.1731,"$6.03M$6,029,665"
1210,NEMXEM,$0.0006513,"$5.86M$5,862,096"
1211,KANKAN,$0.0006207,"$6.01M$6,014,369"
1212,GameStop (gamestop-coin.vip)GME,$0.00001461,"$6.01M$6,009,326"
1213,0x0.ai0x0,$0.006861,"$5.96M$5,959,442"
1214,NashNEX,$0.1345,"$5.95M$5,953,602"
1215,trac (Ordinals)TRAC,$0.2833,"$5.95M$5,949,891"
1301,MinimaMINIMA,$0.008686,"$4.81M$4,806,881"
1302,Partisia BlockchainMPC,$0.01224,"$4.79M$4,786,080"
1303,TectonicTONIC,$0.071924,"$4.77M$4,766,595"
1304,Star AtlasATLAS,$0.0001910,"$4.75M$4,746,487"
1305,375aiEAT,$0.02223,"$4.74M$4,739,765"
1306,OasysOAS,$0.0007015,"$4.73M$4,731,976"
1307,ShareXSHARE,$0.2623,"$4.72M$4,721,800"
1308,BTSE TokenBTSE,$1.08,"$4.72M$4,720,713"
1309,ObyteGBYTE,$5.02,"$4.69M$4,688,635"
1310,The Official 67 Coin67,$0.004627,"$4.63M$4,626,268"
1311,Pain (paintoken.com)PAIN,$0.9215,"$4.61M$4,607,409"
1312,SukuSUKU,$0.007689,"$4.6M$4,602,638"
1313,Marina ProtocolBAY,$0.02292,"$4.59M$4,585,545"
1314,Nietzschean PenguinPENGUIN,$0.004573,"$4.57M$4,573,069"
1315,Broccoli (firstbroccoli.com)BROCCOLI,$0.004556,"$4.56M$4,556,444"
1401,BlackFort Exchange NetworkBXN,$0.0007928,"$3.56M$3,559,450"
1402,KujiraKUJI,$0.02900,"$3.55M$3,548,273"
1403,AventusAVT,$0.5901,"$3.54M$3,541,051"
1404,Ondas Holdings Tokenized Stock (Ondo)ONDSon,$11.20,"$3.54M$3,538,732"
1405,CreatorBidBID,$0.009177,"$3.54M$3,537,534"
1406,Arm Holdings plc Tokenized Stock (Ondo)ARMon,$216.29,"$3.53M$3,527,518"
1407,BeatSwapBTX,$0.01568,"$3.53M$3,526,188"
1408,Pundi AIPUNDIAI,$0.4981,"$3.52M$3,515,663"
1409,ZERAZERA,$0.003646,"$3.51M$3,513,348"
1410,RenREN,$0.003535,"$3.51M$3,510,705"
1411,Fei USDFEI,$0.9955,"$3.5M$3,504,856"
1412,ValidityVAL,$0.6847,"$3.49M$3,492,991"
1413,ArowanaARW,$0.1521,"$3.49M$3,485,589"
1414,Freya ProtocolFREYA,$0.006353,"$3.49M$3,485,362"
1415,American CoinUSA,$0.063009,"$3.48M$3,479,192"
1501,IBStokenIBS,$0.0007117,"$2.86M$2,864,896"
1502,ASML Holding NV Tokenized Stock (Ondo)ASMLon,"$1,562.09","$2.86M$2,858,661"
1503,AlloRWA,$0.001576,"$2.84M$2,837,205"
1504,ReefREEF,$0.00007796,"$2.83M$2,833,821"
1505,ZygoSwapZSWAP,$0.002890,"$2.83M$2,829,961"
1506,HOSKY TokenHOSKY,$0.071240,"$2.83M$2,828,573"
1507,Verse WorldVERSE,$0.02819,"$2.82M$2,819,457"
1508,League of TradersLOT,$0.007662,"$2.8M$2,803,069"
1509,McDonald's Tokenized Stock (Ondo)MCDon,$279.00,"$2.8M$2,799,834"
1510,NUMINENUMI,$0.01339,"$2.8M$2,795,998"
1511,BORGYBORGY,$0.00003589,"$2.78M$2,784,296"
1512,DAOBaseBEE,$0.01601,"$2.78M$2,781,881"
1513,DecentrawoodDEOD,$0.005981,"$2.78M$2,777,770"
1514,DevveDEVVE,$0.02874,"$2.77M$2,772,516"
1515,Mayflower AIMAY,$0.006386,"$2.77M$2,767,629"
1601,GochujangcoinGOCHU,$0.062090,"$2.34M$2,336,290"
1602,AttilaATT,$0.0008342,"$2.32M$2,319,181"
1603,PsyopAnimePSYOPANIME,$0.002318,"$2.32M$2,317,978"
1604,Global X Copper Miners Tokenized ETF (Ondo)COPXon,$90.74,"$2.32M$2,315,941"
1605,QuantumCoinQ,$0.061264,"$2.31M$2,314,845"
1606,UranusURANUS,$0.02310,"$2.31M$2,310,266"
1607,Intuitive Machines Tokenized Stock (Ondo)LUNRon,$35.17,"$2.3M$2,297,552"
1608,SPACEM WORLDSPCM,$0.0002355,"$2.27M$2,274,709"
1609,SarosSAROS,$0.0007317,"$2.27M$2,274,124"
1610,XDB CHAINXDB,$0.0001315,"$2.26M$2,263,193"
1611,OpenAI tokenized stock (PreStocks)OPENAI,"$1,118.33","$2.24M$2,239,949"
1612,MILC PlatformMLT,$0.01793,"$2.23M$2,231,344"
1613,HathorHTR,$0.004282,"$2.21M$2,206,221"
1614,ServiceNow Tokenized Stock (Ondo)NOWon,$451.58,"$2.2M$2,204,561"
1615,NikolAINIKO,$0.002200,"$2.2M$2,200,274"
1701,NuNetNTX,$0.003620,"$1.83M$1,825,132"
1702,NetMind TokenNMT,$0.05448,"$1.82M$1,822,420"
1703,FluenceFLT,$0.006333,"$1.82M$1,816,565"
1704,Pipe NetworkPIPE,$0.01808,"$1.81M$1,808,655"
1705,VoxiesVOXEL,$0.007088,"$1.8M$1,803,939"
1706,TOPGOALGOAL,$0.003309,"$1.8M$1,799,449"
1707,Blockchain Foundation for Innovation & CollaborationBFIC,$0.1699,"$1.8M$1,797,744"
1708,AzitAZIT,$0.004177,"$1.8M$1,795,733"
1709,NibiruNIBI,$0.001808,"$1.79M$1,787,486"
1710,VerasityVRA,$0.00001913,"$1.78M$1,782,939"
1711,StellaALPHA,$0.001850,"$1.78M$1,778,303"
1712,SafeCoinSAFE,$0.06400,"$1.78M$1,775,219"
1713,MAGA (magamemecoin.com)TRUMP,$0.04020,"$1.77M$1,768,739"
1714,Broadcom tokenized stock (xStock)AVGOX,$435.86,"$1.77M$1,765,252"
1715,ByteBYTE,$0.051829,"$1.76M$1,764,264"
1801,Graphlinq ChainGLQ,$0.004276,"$1.45M$1,454,159"
1802,Roaring KittyROAR,$0.001453,"$1.45M$1,453,515"
1803,LumintLUMINT,$0.02637,"$1.45M$1,451,663"
1804,Super Micro Computer Tokenized Stock (Ondo)SMCIon,$32.17,"$1.44M$1,435,650"
1805,Owlto FinanceOWL,$0.004340,"$1.43M$1,432,209"
1806,UnitedHealth Tokenized Stock (Ondo)UNHon,$403.06,"$1.43M$1,429,627"
1807,Coherent Tokenized Stock (Ondo)COHRon,$389.92,"$1.43M$1,429,175"
1808,LATOKENLA,$0.003757,"$1.43M$1,428,408"
1809,XRP Healthcare AIXRPHAI,$0.01420,"$1.42M$1,420,539"
1810,VerseVERSE,$0.00002906,"$1.42M$1,420,001"
1811,BeBBEB1M,$0.001415,"$1.42M$1,415,319"
1812,General Electric Tokenized Stock (Ondo)GEon,$291.80,"$1.41M$1,414,005"
1813,BIDZ CoinBIDZ,$0.001662,"$1.41M$1,413,041"
1814,Cere NetworkCERE,$0.0002031,"$1.41M$1,410,013"
1815,GracyGRACY,$0.007412,"$1.41M$1,408,286"
1901,RangerRNGR,$0.1188,"$1.21M$1,211,523"
1902,Bitcoin 2BTC2,$0.06557,"$1.21M$1,209,216"
1903,RMRKRMRK,$0.1326,"$1.21M$1,205,752"
1904,JD.com Tokenized Stock (Ondo)JDon,$33.95,"$1.2M$1,204,131"
1905,memes will continuememes,$0.001202,"$1.2M$1,202,971"
1906,Financie TokenFNCT,$0.0003176,"$1.2M$1,197,302"
1907,DefactorREAL,$0.003989,"$1.19M$1,190,507"
1908,JMPT RewardsJMPT,$0.6295,"$1.19M$1,192,449"
1909,Abbott Tokenized Stock (Ondo)ABTon,$86.13,"$1.19M$1,187,014"
1910,AirSwapAST,$0.006800,"$1.19M$1,186,461"
1911,ArtyfactARTY,$0.06075,"$1.18M$1,183,511"
1912,币安HolderBNBHOLDER,$0.001182,"$1.18M$1,182,190"
1913,ARCARC,$0.001280,"$1.18M$1,181,818"
1914,SpectralSPEC,$0.08372,"$1.18M$1,180,899"
1915,WAGMI GamesWAGMIGAMES,$0.065352,"$1.18M$1,177,510"
2001,Brett (ETH)BRETT,$0.01381,"$959,051.92$959,052"
2002,Futu Holdings Tokenized Stock (Ondo)FUTUon,$141.11,"$956,995.86$956,996"
2003,AST SpaceMobile Tokenized Stock (Ondo)ASTSon,$79.32,"$954,558.9$954,559"
2004,Accenture Tokenized Stock (Ondo)ACNon,$167.26,"$949,657.12$949,657"
2005,CypherCYPR,$0.009972,"$945,709.17$945,709"
2006,Disney Tokenized Stock (Ondo)DISon,$106.49,"$941,738.81$941,739"
2007,iBoxx $ High Yield Corporate Bond Tokenized ETF (Ondo)HYGon,$82.88,"$941,258.76$941,259"
2008,老子老子,$0.0009411,"$941,115.49$941,115"
2009,PlayDappPDA,$0.001447,"$940,250.59$940,251"
2010,Matrix AI NetworkMAN,$0.001968,"$937,751.5$937,752"
2011,FunticoTICO,$0.0004396,"$937,371.97$937,372"
2012,错版马哭哭马,$0.0009290,"$929,039.19$929,039"
2013,v.systemsVSYS,$0.0002516,"$927,859.6$927,860"
2014,Johnson & Johnson tokenized stock (xStock)JNJX,$231.22,"$924,879.49$924,879"
2015,BitcoinIIBC2,$0.3519,"$924,267.85$924,268"
2101,NeuraiXNA,$0.00004543,"$769,949.08$769,949"
2102,PINOPINO,$0.0007782,"$770,230$770,230"
2103,Snowflake Tokenized Stock (Ondo)SNOWon,$149.70,"$764,547.61$764,548"
2104,MultibitMUBI,$0.0007992,"$759,258.54$759,259"
2105,Arena-ZA2Z,$0.00008314,"$758,854.82$758,855"
2106,Hakka.FinanceHAKKA,$0.001959,"$757,235.54$757,236"
2107,Quidax TokenQDX,$0.009815,"$755,795.62$755,796"
2108,AbyssABYSS,$0.003298,"$755,290.22$755,290"
2109,AsentumASE,$0.002872,"$754,104.32$754,104"
2110,GAIMINGMRX,$0.00001324,"$749,578.81$749,579"
2111,SilencioSLC,$0.00004283,"$746,485.94$746,486"
2112,PacketPKT,$0.0001753,"$744,344.58$744,345"
2113,SolaniumSLIM,$0.007430,"$743,062.49$743,062"
2114,SingularityDAOSDAO,$0.008939,"$739,614.71$739,615"
2115,IMGN LabsIMGN,$0.0008694,"$739,457.08$739,457"
2201,HemuleHEMULE,$0.0006230,"$610,620.89$610,621"
2202,MdexMDX,$0.0006410,"$609,138.18$609,138"
2203,Rebel CarsRC,$0.002950,"$608,909.76$608,910"
2204,RubicRBC,$0.003664,"$605,612.17$605,612"
2205,修仙修仙,$0.0006048,"$604,810.96$604,811"
2206,BlumBlum,$0.003495,"$601,912.63$601,913"
2207,Butthole CoinBHC,$0.0006010,"$601,064.04$601,064"
2208,BuckazoidsBuckazoids,$0.0006005,"$600,519.45$600,519"
2209,三维威廉泰尔企鹅 (Vulgar Penguin)恶俗企鹅,$0.0006002,"$600,293.2$600,293"
2210,McDonald's tokenized stock (xStock)MCDX,$282.91,"$598,877.56$598,878"
2211,人生K线人生K线,$0.0005975,"$597,599.19$597,599"
2212,Atlas NaviNAVI,$0.003683,"$595,721.34$595,721"
2213,Shardeum (New)SHM,$0.00004918,"$594,614.98$594,615"
2214,LayerEdgeEDGEN,$0.002049,"$594,324.08$594,324"
2215,TTcoin NetworkTC,$0.0001203,"$592,000.29$592,000"
2301,GarlicoinGRLC,$0.007298,"$502,757.34$502,757"
2302,BitgesellBGL,$0.03108,"$502,214.17$502,214"
2303,Franklin Responsibly Sourced Gold Tokenized ETF (Ondo)FGDLon,$62.98,"$501,112.38$501,112"
2304,Franklin High Yield Corporate Tokenized ETF (Ondo)FLHYon,$24.50,"$500,093.84$500,094"
2305,Franklin Focused Growth Tokenized ETF (Ondo)FFOGon,$49.57,"$497,604.73$497,605"
2306,WeFiWEFI,$0.01177,"$493,225.07$493,225"
2307,Clash of LilliputCOL,$0.006002,"$492,614.99$492,615"
2308,XELSXELS,$0.02327,"$488,732.4$488,732"
2309,yesnoerrorYNE,$0.0004870,"$487,037.77$487,038"
2310,Valencia CF Fan TokenVCF,$0.07306,"$486,391.09$486,391"
2311,ISLAND TokenISLAND,$0.003178,"$485,879.4$485,879"
2312,GhiblificationGhibli,$0.0004853,"$485,298.36$485,298"
2313,Woman Yelling At CatWYAC,$0.0004898,"$484,987.19$484,987"
2314,MonavaleMONA,$46.38,"$484,968.67$484,969"
2315,Edge Matrix ChainEMC,$0.002361,"$482,878.65$482,879"
2401,Plugin Decentralized OraclePLI,$0.002584,"$391,242.52$391,243"
2402,ritestreamRITE,$0.0004560,"$389,625.39$389,625"
2403,SidekickK,$0.0005187,"$389,097.89$389,098"
2404,MasterBOTBOT,$0.0003878,"$387,819.02$387,819"
2405,K21K21,$0.02098,"$385,785.8$385,786"
2406,MILLIMILLI,$0.051464,"$385,131.49$385,131"
2407,Kima NetworkKIMA,$0.003466,"$385,076.16$385,076"
2408,BSCPADBSCPAD,$0.004840,"$383,392.47$383,392"
2409,Robonomics.networkXRT,$0.1779,"$383,270.15$383,270"
2410,Vyvo CoinVSC,$0.0004069,"$383,067.83$383,068"
2411,Kimchi (CTO)KIMCHI,$0.063829,"$382,920.59$382,921"
2412,FeathercoinFTC,$0.001617,"$382,802.29$382,802"
2413,Tron BullTBULL,$0.0003825,"$382,580.69$382,581"
2414,GasspasGASS,$0.099049,"$380,711.44$380,711"
2415,WeSenditWSI,$0.0004573,"$379,814.59$379,815"
2501,Green Satoshi Token (BSC)GST,$0.001517,"$322,433.89$322,434"
2502,DOYRDOYR,$0.0003219,"$321,971.74$321,972"
2503,Degen Spartan AIDEGENAI,$0.0003209,"$320,886.29$320,886"
2504,Etherisc DIP TokenDIP,$0.001337,"$320,636.75$320,637"
2505,iShares Semiconductor Tokenized ETF (Ondo)SOXXon,$515.13,"$319,799.79$319,800"
2506,TalkenTALK,$0.0008027,"$318,261.74$318,262"
2507,FragmetricFRAG,$0.001715,"$318,201.33$318,201"
2508,StarHeroesSTAR,$0.001317,"$318,071.4$318,071"
2509,Vulcan Forged (LAVA)LAVA,$0.001289,"$317,054.84$317,055"
2510,CharacterXCAI,$0.01877,"$316,495.15$316,495"
2511,catgirlCATGIRL,$0.0101021,"$316,490.95$316,491"
2512,SporeSPORE,$0.0101050,"$316,422.52$316,423"
2513,GivethGIV,$0.0008193,"$314,237.84$314,238"
2514,ChihuahuaHUAHUA,$0.053356,"$314,042.96$314,043"
2515,WalkenWLKN,$0.0001957,"$312,010.4$312,010"
2601,LeverFiLEVER,$0.054427,"$247,015.9$247,016"
2602,Prisma mkUSDMKUSD,$0.9986,"$244,896.42$244,896"
2603,S.C. Corinthians Fan TokenSCCP,$0.03486,"$244,032.2$244,032"
2604,ElemonELMON,$0.0003780,"$243,802.07$243,802"
2605,FefeFEFE,$0.0005777,"$243,051.29$243,051"
2606,Legia Warsaw Fan TokenLEG,$0.1590,"$241,981.44$241,981"
2607,Omax CoinOMAX,$0.00002789,"$241,762.47$241,762"
2608,ChaingeXCHNG,$0.0005097,"$241,637.78$241,638"
2609,What's UpdogUPDOG,$0.0002410,"$241,043.7$241,044"
2610,KEKKEKE,$0.083238,"$240,524.43$240,524"
2611,STARSHIPSTARSHIP,$0.01272,"$240,516.03$240,516"
2612,Broccoli (broccolibnb.org)BROCCOLI,$0.001294,"$238,559.74$238,560"
2613,AI AvatarAIAV,$0.004095,"$239,117.14$239,117"
2614,My Master WarMAT,$0.002448,"$238,820.98$238,821"
2615,WiFi MapWIFI,$0.0003437,"$238,502.76$238,503"
2701,GondolaGONDOLA,$0.064780,"$195,280.78$195,281"
2702,BiCity AI ProjectsBICITY,$0.00004579,"$194,296.93$194,297"
2703,ColdstackCLS,$0.008237,"$193,697.66$193,698"
2704,Ibiza Final BossBOSS,$0.0002076,"$193,180.15$193,180"
2705,Wing FinanceWING,$0.02842,"$192,117.01$192,117"
2706,DustDUST,$0.0001917,"$191,781.18$191,781"
2707,CAMELLCAMT,$0.0001995,"$191,527.19$191,527"
2708,Urolithin AURO,$0.0001911,"$190,977.95$190,978"
2709,Rage FanRAGE,$0.003365,"$190,915.91$190,916"
2710,IdenaIDNA,$0.002007,"$190,856.93$190,857"
2711,Coconut ChickenCCC,$0.00002041,"$190,629.13$190,629"
2712,Luigi MangioneLUIGI,$0.0001900,"$190,078.04$190,078"
2713,EdwinEDWIN,$0.0001898,"$189,850.99$189,851"
2714,Li Auto Tokenized Stock (Ondo)LIon,$19.13,"$189,834.44$189,834"
2715,Mystery (MysteryRiderEth)MYSTERY,$0.094511,"$189,796.1$189,796"
2801,Beats on BaseBEATS,$0.0002379,"$153,412.53$153,413"
2802,MorphwareXMW,$0.0001861,"$153,331.08$153,331"
2803,PrompTale AITALE,$0.001512,"$153,334.5$153,334"
2804,Deri ProtocolDERI,$0.001225,"$152,829.9$152,830"
2805,Crust NetworkCRU,$0.01080,"$152,757.95$152,758"
2806,Unstable TetherUSDUT,$0.0001521,"$152,124.52$152,125"
2807,TON CatTCAT,$0.0002487,"$152,070.7$152,071"
2808,US Natural Gas Fund Tokenized Stock (Ondo)UNGon,$11.15,"$151,774.56$151,775"
2809,Rigetti Computing Tokenized Stock (Ondo)RGTIon,$18.53,"$151,614.75$151,615"
2810,FU CoinFU,$0.067750,"$150,778.86$150,779"
2811,UtopiaUTOPIA,$0.0001643,"$150,593.87$150,594"
2812,Dust ProtocolDUST,$0.007857,"$150,423.35$150,423"
2813,Empty Set DollarESD,$0.0003366,"$150,169.87$150,170"
2814,Xend FinanceRWA,$0.001399,"$149,763.72$149,764"
2815,K9 FinanceKNINE,$0.063715,"$149,446.52$149,447"
2901,Mr. Lightspeed Creator CoinMRLIGHTSPEED,$0.0002534,"$120,943.72$120,944"
2902,Fluminense FC Fan TokenFLU,$0.03455,"$120,837.51$120,838"
2903,Niftyx ProtocolSHROOM,$0.002349,"$120,710.31$120,710"
2904,Grab Holdings Tokenized Stock (Ondo)GRABon,$3.57,"$120,348.57$120,349"
2905,Elon Trump FartETF500,$0.0001198,"$119,894.31$119,894"
2906,Bitcoin BaseBTC,$0.005718,"$119,573.58$119,574"
2907,Crust ShadowCSM,$0.001187,"$118,783.59$118,784"
2908,$TRUST ME BROs by VirtualsTRUST,$0.0001190,"$118,655.9$118,656"
2909,EpikoEPIKO,$0.0006794,"$118,573.75$118,574"
2910,Zeus (truezeuscoin.com)ZEUS,$0.092813,"$118,370.44$118,370"
2911,Dark FrontiersDARK,$0.0006808,"$117,860.34$117,860"
2912,PARSIQPRQ,$0.0003798,"$117,852.9$117,853"
2913,Team Heretics Fan TokenTH,$0.04458,"$117,839.65$117,840"
2914,APEDAPED,$0.1209,"$117,837.81$117,838"
2915,MicroPets [New]PETS,$0.1012,"$117,824.29$117,824"
3001,GiftoGFT,$0.00004149,"$92,894.49$92,894"
3002,Gekko AIGEKKO,$0.00009288,"$92,886.77$92,887"
3003,Coral FinanceCORL,$0.0003973,"$92,333.48$92,333"
3004,Laika AILKI,$0.0002155,"$92,319.39$92,319"
3005,Tea-FiTEA,$0.001820,"$91,065.28$91,065"
3006,Flying Ketamine HorseFKH,$0.00009220,"$90,961.34$90,961"
3007,rockyROCKY,$0.00009081,"$90,812.83$90,813"
3008,BIGBIG,$0.00008996,"$89,965.73$89,966"
3009,Scotty BeamSCOTTY,$0.0001951,"$89,892.7$89,893"
3010,Dogey-InuDINU,$0.091227,"$89,776.88$89,777"
3011,UniteUNITE,$0.00001987,"$89,719.51$89,720"
3012,StartupSTARTUP,$0.00009048,"$89,596.03$89,596"
3013,flork ctoFLORK,$0.00009496,"$89,147.96$89,148"
3014,UNIUNI,$0.00008870,"$88,704.3$88,704"
3015,Workloop AILOOP,$0.002448,"$88,514.41$88,514"
3101,ColonyCLY,$0.0006124,"$69,045.29$69,045"
3102,KOBANKOBAN,$0.0001391,"$69,042.89$69,043"
3103,Aimedis (new)AIMX,$0.0002057,"$68,518.78$68,519"
3104,ChainGuardiansCGG,$0.001113,"$68,483.11$68,483"
3105,KIKICatKIKI,$0.00006823,"$68,229.65$68,230"
3106,ArtisseCATHEON,$0.00007007,"$67,874.04$67,874"
3107,Invesco DB Commodity Index Tokenized Fund (Ondo)DBCon,$31.14,"$67,838.96$67,839"
3108,KarlsenKLS,$0.00002380,"$67,813.3$67,813"
3109,BOTIFYBOTIFY,$0.00006781,"$67,792.59$67,793"
3110,HivelloHVLO,$0.00006224,"$67,489.78$67,490"
3111,Seascape CrownsCWS,$0.008810,"$67,362.56$67,363"
3112,Micro GPT$MICRO,$0.00008970,"$67,234.34$67,234"
3113,QpayQPAY,$0.00006723,"$67,232.33$67,232"
3114,Lam Research Tokenized Stock (Ondo)LRCXon,$299.53,"$67,156.46$67,156"
3115,Sato The DogSATO,$0.061595,"$67,102.32$67,102"
3201,LandshareLAND,$0.009045,"$48,325.82$48,326"
3202,Galaxy Digital Tokenized Stock (Ondo)GLXYon,$31.18,"$48,226.51$48,227"
3203,Blendr NetworkBLENDR,$0.001199,"$48,063.89$48,064"
3204,UniLayerLAYER,$0.001191,"$47,659.25$47,659"
3205,BSXBSX,$0.0002506,"$47,490.31$47,490"
3206,SpaceFalconFCON,$0.052709,"$47,213.27$47,213"
3207,GoldenCatCATS,$0.076993,"$47,209.71$47,210"
3208,ChirpleyCHRP,$0.0001141,"$47,163.33$47,163"
3209,Sprott Nickel Miners Tokenized ETF (Ondo)NIKLon,$16.83,"$47,025.56$47,026"
3210,The ChampCoinTCC,$0.0009396,"$46,981.55$46,982"
3211,UbexUBEX,$0.00001419,"$46,948.18$46,948"
3212,Giggle PandaGIGL,$0.00004682,"$46,827.52$46,828"
3213,Doge BaseDOGEBASE,$0.00004702,"$46,795.72$46,796"
3214,Smart PocketSP,$0.00004471,"$46,535.63$46,536"
3215,NarutoNARUTO,$0.064222,"$46,443.49$46,443"
3301,Alpha ArenaARENA,$0.00003293,"$32,604.6$32,605"
3302,CryBabyCRYBB,$0.00004681,"$32,591.09$32,591"
3303,OpenVisionVISION,$0.00003240,"$32,405.06$32,405"
3304,EllipsisEPX,$0.063883,"$31,995.15$31,995"
3305,ReddioRDO,$0.00001170,"$31,813.32$31,813"
3306,XOCIETYXO,$0.00004199,"$31,493.77$31,494"
3307,Wet Ass PussyWAP,$0.00003137,"$31,379.45$31,379"
3308,Cogito FinanceCGV,$0.0003236,"$31,324.49$31,324"
3309,Let that sink inSINK,$0.00004085,"$31,085.22$31,085"
3310,Baby Ripple (babyxrp.xyz)BABYXRP,$0.00003098,"$30,988.2$30,988"
3311,RublixRBLX,$0.001488,"$30,871.74$30,872"
3312,VidyaVIDYA,$0.0008720,"$30,714.75$30,715"
3313,LanLan CatLANLAN,$0.053440,"$30,583.31$30,583"
3314,Pancake BunnyBUNNY,$0.05956,"$30,392.96$30,393"
3315,Baby BNBBABYBNB,$0.00005447,"$30,224.77$30,225"
3401,Degen ArenaDEGEN,$0.0105344,"$22,481.68$22,482"
3402,Rug World AssetsRWA,$0.002280,"$21,656.14$21,656"
3403,Genesis WorldsGENESIS,$0.0001225,"$22,211.87$22,212"
3404,SENATESENATE,$0.0001509,"$22,189.56$22,190"
3405,WisdomTree Floating Rate Treasury Tokenized  Fund (Ondo)USFRon,$50.76,"$22,179.26$22,179"
3406,MELXMEL,$0.001086,"$22,065.92$22,066"
3407,DinosolDINO,$0.00002533,"$21,996.04$21,996"
3408,Pinterest Tokenized Stock (Ondo)PINSon,$19.10,"$21,988.16$21,988"
3409,EquityPayEQPAY,$0.003844,"$21,948.07$21,948"
3410,Matr1xMAX,$0.0001678,"$21,907.17$21,907"
3411,RapidzRPZX,$0.00001176,"$21,735.31$21,735"
3412,Dexlab ClassicDXLC,$0.0004136,"$21,729.54$21,730"
3413,MILKBAGMILKBAG,$0.00002408,"$21,654.9$21,655"
3414,iShares 1-3 Year Treasury Bond Tokenized ETF (Ondo)SHYon,$82.53,"$21,587.38$21,587"
3415,Baby BNBBABYBNB,$0.00002141,"$21,414.18$21,414"
3501,abrdn Physical Precious Metals Tokenized ETF (Ondo)GLTRon,$232.42,"$13,845.14$13,845"
3502,CoriteCO,$0.0001126,"$13,764.34$13,764"
3503,KingdomStarterKDG,$0.00002577,"$13,689.12$13,689"
3504,WOWswapWOW,$0.01368,"$13,679.89$13,680"
3505,StoryFireBLAZE,$0.052132,"$13,402.13$13,402"
3506,ONE PUNCH CATPUNCH,$0.00001497,"$13,210.05$13,210"
3507,PJNPJN,$0.00001312,"$13,121.76$13,122"
3508,UPTOPUPTOP,$0.00006113,"$12,838.86$12,839"
3509,SGCSGC,$0.057558,"$12,799.99$12,800"
3510,The LooniesLOON,$0.00001279,"$12,791.59$12,792"
3511,Matr1x FireFIRE,$0.0001890,"$12,615.57$12,616"
3512,Bloomsperg TerminalSPERG,$0.00001252,"$12,521.63$12,522"
3513,SofaCatSOFAC,$0.0001311,"$12,412.75$12,413"
3514,ZeroSwapZEE,$0.0001939,"$12,300.56$12,301"
3515,LEGITLEGIT,$0.00001575,"$12,207.74$12,208"
3601,SpaceCatchCATCH,$0.0005680,"$6,257.3$6,257"
3602,Talen Energy Tokenized Stock (Ondo)TLNon,$352.86,"$6,046$6,046"
3603,REV3ALREV3L,$0.00001610,"$5,892.99$5,893"
3604,AzukiAZUKI,$0.0005205,"$5,874.93$5,875"
3605,SmoothySMTY,$0.001153,"$5,871.36$5,871"
3606,Shiba SagaSHIA,$0.0001085,"$5,854.49$5,854"
3607,Alien Green CatAGC,$0.055838,"$5,838.69$5,839"
3608,Carvana Tokenized Stock (Ondo)CVNAon,$343.49,"$5,828.51$5,829"
3609,Ford Motor Tokenized Stock (Ondo)Fon,$14.67,"$5,789.89$5,790"
3610,WorldShardsSHARDS,$0.054906,"$5,774.77$5,775"
3611,Empire of SightSIGHT,$0.00002174,"$5,701.17$5,701"
3612,MBP CoinMBP,$0.0003498,"$5,596.4$5,596"
3613,TokenboxTBX,$0.0004933,"$5,542.47$5,542"
3614,BloodLoopBLS,$0.0001041,"$5,461.68$5,462"
3615,AmazyAZY,$0.0001312,"$5,372.23$5,372"
3701,iShares MSCI Chile Tokenized ETF (Ondo)ECHon,$40.18,$464.33$464
3702,Opera Tokenized Stock (Ondo)OPRAon,$18.21,$384.08$384
3703,Terran CoinTRR,$0.00001583,$374.52$375
3704,Regeneron Pharmaceuticals Tokenized Stock (Ondo)REGNon,$714.39,$344.34$344
3705,Fidelity Solana Fund Tokenized Stock (Ondo)FSOLon,$11.23,$332.53$333
3706,ShredNSHRED,$0.001477,$310.29$310
3707,ElementeumELET,$0.00004924,$257.21$257
3708,Capricor Therapeutics Tokenized Stock (Ondo)CAPRon,$33.54,$211.48$211
3709,Luna RushLUS,$0.00004497,$204.62$205
3710,Art de FinanceADF,$0.069997,$180.36$180
3711,IslanderISA,$0.062061,$112.53$113
3712,CHONKYCHONKY,$0.079376,$93.77$94
3713,RealvirmRVM,$0.0005682,$51.15$51
3714,ApeSwapBANANA,$0.071528,$5.62$6
3715,TOMITOMI,$0.0186817,$0.00$0
3801,House Party ProtocolHPP,$0.05440,"$45.95M$45,950,245"
3802,America is Back (americaisback.vip)AIB,$0.002396,"$2.4M$2,396,068"
3803,MovieDomMDOM,$0.2765,"$22.12M$22,120,828"
3804,OLYOLY,$5.42,"$15.16M$15,159,627"
3805,TOMATOKTOTT,$0.08168,"$49.83M$49,825,993"
3806,PurrPURR,$0.07177,"$42.94M$42,936,239"
3807,MarinadeMNDE,$0.02071,"$11.32M$11,319,085"
3808,Buy Coin TokenBCT,$9.02,"$3.01B$3,006,348,325"
3809,ButtcoinBUTTCOIN,$0.01548,"$15.49M$15,487,089"
3810,JGGLJGGL,$2.08,"$2.5M$2,498,310"
3811,Resi (resilabs.ai)SN46,$3.31,"$13.44M$13,439,635"
3812,Frax Finance - Frax EtherFRXETH,"$2,239.29","$116.83M$116,826,769"
3813,TuringBitChainTBC,$6.57,"$271.74M$271,735,418"
3814,Blynex USDUSDB,$1.00,"$44.17B$44,170,901,550"
3815,Bullish DegenBULLISH,$0.001620,"$1.62M$1,620,753"
3901,cocoCOCO,$0.3089,"$308.96M$308,957,985"
3902,USADUSAD,$0.9986,$149.8$150
3903,CygnusCGN,$0.002447,"$5.63M$5,628,160"
3904,Tokenised GBPTGBP,$1.33,"$11.34M$11,341,533"
3905,[Fake]COINBASECOIN,$35.45,"$9.57B$9,573,008,617"
3906,PepeAIPEPEAI,$0.0001020,"$102,072$102,072"
3907,Hold BTCHBTC,$0.062739,"$273,932.07$273,932"
3908,CAW(A Hunters Dream)CAW,$0.073478,--
3909,AI Powered FinanceAIPF,$2.16,"$285,848.48$285,848"
3910,MixMaxMC,$1.08,"$9.89M$9,890,664"
3911,FistbumpFIST,$0.2919,--
3912,COCACOCA,$1.42,"$162.25M$162,247,488"
3913,Project 3232,$0.0001716,"$554,880.26$554,880"
3914,MeritSN73,$1.19,--
3915,AvocadoCoinAVDO,"$1,600.48","$1.01B$1,008,308,017"
4001,Tap ProtocolTAP,$0.3728,"$5.78M$5,779,714"
4002,SWAP315S315,$0.3281,"$6.89M$6,890,403"
4003,Overnight.fi USD+ (Base)USD+,$0.9995,"$42M$41,996,261"
4004,Chinese Elon MuskYILONGMA,$0.1175,"$117,524.12$117,524"
4005,RallyRALLY,$0.001927,"$64.37M$64,366,920"
4006,FUTUREXCRYPTOFXC,$2.70,--
4007,SAFE(AnWang)SAFE,$2.53,"$6.74M$6,743,479"
4008,Pill GaytesGAYTES,$0.0001600,"$160,069.28$160,069"
4009,OtterHomeHOME,$0.01807,"$7.23M$7,229,541"
4010,SORA GROKGROK,$0.03672,"$3.67B$3,672,427,693"
4011,miniMINI,$0.001593,"$1.4M$1,401,759"
4012,Shiba Inu TREATTREAT,$0.0004816,"$438,335.08$438,335"
4013,Weber Energy Network$WEN,$0.02978,"$148,949.46$148,949"
4014,Confidential LayerCLONE,$0.005239,"$841,610.85$841,611"
4015,D.EnergyWATT,$0.1895,"$26.48M$26,483,635"
4101,DOGEXDOGEX,$0.072197,"$6,593.88$6,594"
4102,PortalsPORTALS,$0.005294,"$1.22M$1,217,775"
4103,Three Kingdoms3KDS,$0.001278,"$194,325.87$194,326"
4104,KommunitasKOM,$0.00008746,"$174,934.06$174,934"
4105,Shih TzuSHIH,$0.0002019,"$201,965.17$201,965"
4106,Make TON Great AgainMTONGA,$0.01334,"$1.33M$1,334,032"
4107,MAGA TrumpMAGATRUMP,$0.03957,"$39.58M$39,579,314"
4108,TradehubTRHUB,$0.02472,"$2.47M$2,472,370"
4109,ZARA AIZARA,$0.0004922,"$307,874.79$307,875"
4110,Trust The ProcessTRUST,$0.0001557,"$155,739.97$155,740"
4111,MetacraftMCTP,$0.01887,"$15.1M$15,098,713"
4112,TUTUT COINTUTC,$0.0002720,"$272,028.58$272,029"
4113,SongbirdSGB,$0.001793,"$30.64M$30,641,785"
4114,TemaTEMA,$0.00005063,"$50,638.42$50,638"
4115,Zephyr ProtocolZEPH,$0.3181,"$3.68M$3,676,579"
4201,Mind of PepeMIND,$0.00007678,"$1.97M$1,972,738"
4202,AVAX HAS NO CHILLNOCHILL,$0.0005010,"$776,654.44$776,654"
4203,FERMAFERMA,$0.03224,"$354,716.53$354,717"
4204,botXcoinBOTX,$0.7018,"$1.23B$1,234,651,738"
4205,DNADNA,$0.0117098,"$298,623.01$298,623"
4206,TracerTRCR,$0.002555,"$4.82M$4,816,005"
4207,Nacho the KatNACHO,$0.00001232,"$3.54M$3,536,126"
4208,Haha Yes HedgehogRIZO,$0.063501,"$147,315.81$147,316"
4209,EnviDaEDAT,$0.06065,"$423,160.17$423,160"
4210,Luxury Travel TokenLTT,$0.001859,"$32.87M$32,869,196"
4211,SplendorSPLD,$0.2633,"$3.74B$3,744,475,500"
4212,Layer One XL1X,$8.48,"$2.59B$2,587,070,201"
4213,Olympus v2OHM,$19.24,"$300.67M$300,666,522"
4214,Dark MachineMXNA,$0.004100,--
4215,KelVPNKEL,$0.0009078,--
4301,Coinneckt+CNKT+,$0.0007961,"$4.63M$4,629,053"
4302,Utopia USDUUSD,$0.9499,--
4303,TrillantTRI,$0.04655,"$2.33B$2,327,517,212"
4304,walterWALTER,$0.0001625,"$154,467.99$154,468"
4305,xx networkXX,$0.004301,"$1.54M$1,538,885"
4306,Electric CashELCASH,$0.04587,"$25,504.29$25,504"
4307,TrencherTRENCHER,$0.0006750,"$674,981.41$674,981"
4308,Marvellex ClassicMLXC,$0.069606,"$36,596.42$36,596"
4309,MicroVisionChainSPACE,$0.04211,"$296,561.48$296,561"
4310,EdomEDOM,$0.0002446,"$3,016.18$3,016"
4311,WebKey DAOWKEYDAO,$0.2986,"$796,529.94$796,530"
4312,TonCapyTCAPY,$0.066050,"$64,475.54$64,476"
4313,Jinbi TokenJNB,"$117,634.41",--
4314,DPINDPN,$2.39,"$62.76M$62,757,028"
4315,Magic Internet MoneyMIM,$0.00009086,"$90,853.53$90,854"
4401,Bandot ProtocolBDT,$0.00007925,--
4402,Japan Open ChainJOC,$0.04819,"$2.41M$2,409,551"
4403,San Chan (sanchanproject.org)SAN,$0.002216,"$2.22M$2,216,790"
4404,AlterverseAVC,$0.0002012,"$191,175.75$191,176"
4405,t3rnTRN,$0.001257,"$18,892.61$18,893"
4406,aUSDTaUSDT,$0.8357,"$41.79M$41,787,770"
4407,LuckysLeprecoinLUCKYSLP,$0.051316,"$822,596.44$822,596"
4408,JacksonJACKSON,$0.01892,"$62.44M$62,439,655"
4409,MATTMATT,$0.0001004,"$10.04M$10,040,538"
4410,Skibidi ToiletSKIBIDI,$0.00006030,"$59,879.61$59,880"
4411,CrodieCRODIE,$0.00009110,"$91,096.73$91,097"
4412,PokerFiPOKERFI,$0.0008522,"$7.81M$7,805,259"
4413,Hello PuppyBOB,$0.051059,$50.86$51
4414,Ayni GoldAYNI,$0.2819,"$125.07M$125,067,941"
4415,eMetalsMTLS,$0.01736,"$17,368.52$17,369"
4501,PYLOS (pylos.live)PS,"$1,008.93","$141.66M$141,658,997"
4502,Masters of TriviaMOT,$5.23,"$14.3M$14,296,926"
4503,METTI TOKENMTT,$4.41,"$479,660.82$479,661"
4504,Moo TokenMOO,$0.0003905,"$317,088.1$317,088"
4505,STONKSSTONKS,$0.0004081,"$408,179.47$408,179"
4506,Golden MagfiGMFI,$0.0007987,"$49,034.51$49,035"
4507,MoongateMGT,$0.0002113,"$95,980.3$95,980"
4508,SoraSORA,$0.00002252,"$22,522.7$22,523"
4509,fBombBOMB,$0.01284,"$8.72M$8,718,756"
4510,FOMOFOMO,$0.002526,"$1.26M$1,263,418"
4511,OptioOPT,$0.001042,"$16.43M$16,430,181"
4512,BOBERBOBER,$0.00005945,"$414,359.17$414,359"
4513,COWCOW,$0.01104,"$1.5M$1,500,567"
4514,LoveBitLB,$0.061477,"$18.23M$18,228,915"
4515,BTAF tokenBTAF,$0.02767,"$574,593.79$574,594"
4601,ANTTIMEANT,$0.0001253,"$299,150.93$299,151"
4602,PiP (Hyperliquid)PIP,$2.68,"$2.11M$2,111,483"
4603,PVC MetaPVC,$0.004964,"$7.45M$7,447,128"
4604,STIMASTIMA,$1.01,"$32.16M$32,162,400"
4605,Ubeswap [V2]UBE,$0.0005088,"$56,676.57$56,677"
4606,Real Estate MetaverseREM,$0.001073,"$1.07M$1,073,652"
4607,ASSDAQASSDAQ,$0.0002979,"$297,922.24$297,922"
4608,NeptuneXNT,$0.6497,"$1.28M$1,277,031"
4609,DeployrDEPLOYR,$0.001136,"$76,406.85$76,407"
4610,TrumpCoinDJT,$0.00006383,"$638,343.65$638,344"
4611,""" ""UNKOWN",$0.001215,"$765,134.99$765,135"
4612,HOMSTOKENHOMS,$0.00002389,"$185,642.81$185,643"
4613,Elephant Money (TRUNK)TRUNK,$0.03510,"$4.27M$4,271,834"
4614,AgoricBLD,$0.005349,"$3.72M$3,724,673"
4615,Bnb Tiger InuBNBTIGER,$0.0111657,"$1.66M$1,657,387"
4701,CruxDecussataX,$0.03193,"$3.19M$3,193,068"
4702,HacashHAC,$0.1927,"$260,096.47$260,096"
4703,DBXDBX,$0.051608,"$18,397.41$18,397"
4704,ArmyARMY,$0.001219,"$1.22M$1,219,874"
4705,Wrapped MinoTariWXTM,$0.0008662,"$392,800.75$392,801"
4706,APEcoin.devAPE,$0.1491,"$477,284.61$477,285"
4707,SwappiPPI,$0.001599,--
4708,AladdinDAOALD,$0.02007,"$1.42M$1,419,662"
4709,Mars Meme IncMARSMI,$0.02075,"$20.75M$20,753,142"
4710,TON FISH MEMECOINFISH,$0.084161,"$1.25M$1,251,898"
4711,Camelot TokenGRAIL,$77.89,"$1.97M$1,966,361"
4712,Mononoke InuMononoke-Inu,$0.0122569,--
4713,TONNEL NetworkTONNEL,$0.7299,"$1.06M$1,062,626"
4714,Eagle AIEAI,$0.007726,"$701,267.2$701,267"
4715,FISH N CHIPSCHIPPY,$0.0004307,"$430,714.72$430,715"
4801,ReflectionAIRECT,$0.0003841,"$5,186.53$5,187"
4802,United States Crypto ReserveUSCR,$0.002940,"$2.94M$2,940,232"
4803,Satoshi a BTC StablecoinTSAT,$0.0008031,"$64,412.89$64,413"
4804,EmpyrealEMP,$6.99,"$2.1M$2,097,618"
4805,sKLAYSKLAY,$0.06404,--
4806,LIGOLIGO,$0.066563,"$656,347.69$656,348"
4807,Ready player oneRP1,$1.58,"$31.67M$31,667,037"
4808,DannycoinDAN,$0.0009376,"$187,528.69$187,529"
4809,Base is for everyoneBASE,$0.0004358,"$435,857.43$435,857"
4810,LaïkaLAIKA,$0.03488,"$2.3M$2,302,402"
4811,Paxi NetworkPAXI,$0.01262,"$650,011.52$650,012"
4812,ExchangeCoinEXCC,$0.08764,--
4813,XX,$0.00001458,"$14,003.6$14,004"
4814,DarikDARIK,$0.4885,"$1.54M$1,538,821"
4815,Bearly LegalBEAR,$0.001521,"$152,123.33$152,123"
4901,Gas TownGAS,$0.00005185,"$51,847.51$51,848"
4902,WeatherXMWXM,$0.01136,"$681,641.58$681,642"
4903,TongtongcoinTTC,$0.04774,"$7.71M$7,712,135"
4904,HNB ProtocolHNB,$0.0005422,"$425,276.76$425,277"
4905,GreenchieGNC,$0.061044,"$12,533.65$12,534"
4906,capybaraCAPY,$0.061735,"$173,503.26$173,503"
4907,Chain GamesCHAIN,$0.004722,--
4908,American pepeUSPEPE,$0.091320,"$55,552.51$55,553"
4909,Bretta (Brett’s Wife)BRETTA,$0.00008308,"$83,084.39$83,084"
4910,RZUSDRZUSD,$0.5046,"$50.47M$50,467,200"
4911,Convertible JPY TokenCJPY,$0.004797,--
4912,Frax Price IndexFPI,$1.13,"$96.04M$96,037,539"
4913,Crypto Deal TokenCDT,$7.97,"$4.39M$4,391,866"
4914,Soroosh Smart EcosystemSSE,$0.0002029,"$906,195.65$906,196"
4915,Ton RafflesRAFF,$0.03885,"$777,180.39$777,180"
